{"cameraMode":{"drawMode":0,"name":"Shaded","section":"Shading Mode"},"sceneLighting":true,"audioPlay":false,"sceneViewState":{"m_AlwaysRefresh":false,"showFog":true,"showSkybox":true,"showFlares":true,"showImageEffects":true,"showParticleSystems":true,"showVisualEffectGraphs":true,"m_FxEnabled":true},"in2DMode":false,"pivot":{"x":-0.4959776699542999,"y":-0.009831428527832032,"z":9.18140983581543},"rotation":{"x":-0.04946516826748848,"y":0.024264199659228326,"z":-0.001202064799144864,"w":-0.9984797835350037},"size":5.522029399871826,"orthographic":false}